model,config_id,phase,mean_macro_f1,std_macro_f1,mean_weighted_f1,mean_accuracy,mean_train_time_s,mean_vocab_size,clf_params,tfidf_params
SGDClassifier,SGD_p1_log_loss_a1e-05_balanced,1,0.8144,0.0646,0.8167,0.8178,0.62,30905,"{""loss"": ""log_loss"", ""alpha"": 1e-05, ""class_weight"": ""balanced""}",{}
SGDClassifier,SGD_p1_log_loss_a0.0001_balanced,1,0.8166,0.0676,0.8186,0.8198,0.61,30905,"{""loss"": ""log_loss"", ""alpha"": 0.0001, ""class_weight"": ""balanced""}",{}
SGDClassifier,SGD_p1_log_loss_a0.001_balanced,1,0.7988,0.0710,0.8008,0.8028,0.73,30905,"{""loss"": ""log_loss"", ""alpha"": 0.001, ""class_weight"": ""balanced""}",{}
SGDClassifier,SGD_p1_modified_huber_a1e-05_balanced,1,0.8026,0.0670,0.8050,0.8061,1.07,30905,"{""loss"": ""modified_huber"", ""alpha"": 1e-05, ""class_weight"": ""balanced""}",{}
SGDClassifier,SGD_p1_modified_huber_a0.0001_balanced,1,0.8078,0.0663,0.8101,0.8115,1.04,30905,"{""loss"": ""modified_huber"", ""alpha"": 0.0001, ""class_weight"": ""balanced""}",{}
SGDClassifier,SGD_p1_modified_huber_a0.001_balanced,1,0.8186,0.0683,0.8208,0.8218,0.69,30905,"{""loss"": ""modified_huber"", ""alpha"": 0.001, ""class_weight"": ""balanced""}",{}
SGDClassifier,SGD_p1_hinge_a1e-05_balanced,1,0.8089,0.0602,0.8110,0.8121,1.02,30905,"{""loss"": ""hinge"", ""alpha"": 1e-05, ""class_weight"": ""balanced""}",{}
SGDClassifier,SGD_p1_hinge_a0.0001_balanced,1,0.8127,0.0639,0.8150,0.8158,1.38,30905,"{""loss"": ""hinge"", ""alpha"": 0.0001, ""class_weight"": ""balanced""}",{}
SGDClassifier,SGD_p1_hinge_a0.001_balanced,1,0.8188,0.0644,0.8205,0.8215,0.88,30905,"{""loss"": ""hinge"", ""alpha"": 0.001, ""class_weight"": ""balanced""}",{}
SGDClassifier,SGD_p1_log_a0.0001_unweighted,1,0.8070,0.0811,0.8088,0.8115,0.93,30905,"{""loss"": ""log_loss"", ""alpha"": 0.0001, ""class_weight"": null}",{}
SGDClassifier,SGD_p1_log_a0.001_unweighted,1,0.7565,0.1109,0.7594,0.7711,0.80,30905,"{""loss"": ""log_loss"", ""alpha"": 0.001, ""class_weight"": null}",{}
SGDClassifier,"SGD_p2_ng(1, 1)_mindf2_maxfNone",2,0.8178,0.0604,0.8199,0.8208,0.36,7267,"{""loss"": ""hinge"", ""alpha"": 0.001, ""class_weight"": ""balanced""}","{""ngram_range"": [1, 1], ""min_df"": 2, ""max_features"": null}"
SGDClassifier,"SGD_p2_ng(1, 2)_mindf2_maxfNone",2,0.8188,0.0644,0.8205,0.8215,0.74,30905,"{""loss"": ""hinge"", ""alpha"": 0.001, ""class_weight"": ""balanced""}","{""ngram_range"": [1, 2], ""min_df"": 2, ""max_features"": null}"
SGDClassifier,"SGD_p2_ng(1, 2)_mindf3_maxfNone",2,0.8164,0.0663,0.8183,0.8192,0.70,17006,"{""loss"": ""hinge"", ""alpha"": 0.001, ""class_weight"": ""balanced""}","{""ngram_range"": [1, 2], ""min_df"": 3, ""max_features"": null}"
SGDClassifier,"SGD_p2_ng(1, 2)_mindf5_maxfNone",2,0.8199,0.0646,0.8214,0.8222,0.77,8950,"{""loss"": ""hinge"", ""alpha"": 0.001, ""class_weight"": ""balanced""}","{""ngram_range"": [1, 2], ""min_df"": 5, ""max_features"": null}"
SGDClassifier,"SGD_p2_ng(1, 2)_mindf2_maxf40000",2,0.8187,0.0642,0.8205,0.8215,1.03,28289,"{""loss"": ""hinge"", ""alpha"": 0.001, ""class_weight"": ""balanced""}","{""ngram_range"": [1, 2], ""min_df"": 2, ""max_features"": 40000}"
SGDClassifier,"SGD_p2_ng(1, 2)_mindf2_maxf80000",2,0.8188,0.0644,0.8205,0.8215,1.41,30905,"{""loss"": ""hinge"", ""alpha"": 0.001, ""class_weight"": ""balanced""}","{""ngram_range"": [1, 2], ""min_df"": 2, ""max_features"": 80000}"
SGDClassifier,"SGD_p2_ng(1, 3)_mindf2_maxfNone",2,0.8167,0.0631,0.8185,0.8195,1.52,47031,"{""loss"": ""hinge"", ""alpha"": 0.001, ""class_weight"": ""balanced""}","{""ngram_range"": [1, 3], ""min_df"": 2, ""max_features"": null}"
SGDClassifier,"SGD_p2_ng(1, 3)_mindf3_maxf80000",2,0.8158,0.0628,0.8176,0.8185,1.88,23485,"{""loss"": ""hinge"", ""alpha"": 0.001, ""class_weight"": ""balanced""}","{""ngram_range"": [1, 3], ""min_df"": 3, ""max_features"": 80000}"
LinearSVC,LSVC_p1_C0.1_balanced,1,0.8083,0.0758,0.8102,0.8118,0.81,30905,"{""C"": 0.1, ""class_weight"": ""balanced""}",{}
LinearSVC,LSVC_p1_C0.3_balanced,1,0.8161,0.0710,0.8181,0.8195,0.75,30905,"{""C"": 0.3, ""class_weight"": ""balanced""}",{}
LinearSVC,LSVC_p1_C1.0_balanced,1,0.8158,0.0676,0.8180,0.8192,0.88,30905,"{""C"": 1.0, ""class_weight"": ""balanced""}",{}
LinearSVC,LSVC_p1_C3.0_balanced,1,0.8153,0.0653,0.8177,0.8192,1.09,30905,"{""C"": 3.0, ""class_weight"": ""balanced""}",{}
LinearSVC,LSVC_p1_C0.3_unweighted,1,0.8037,0.0852,0.8055,0.8088,0.93,30905,"{""C"": 0.3, ""class_weight"": null}",{}
LinearSVC,LSVC_p1_C1.0_unweighted,1,0.8090,0.0728,0.8112,0.8132,1.00,30905,"{""C"": 1.0, ""class_weight"": null}",{}
LinearSVC,"LSVC_p2_ng(1, 1)_mindf2_maxfNone",2,0.8193,0.0654,0.8212,0.8222,0.29,7267,"{""C"": 0.3, ""class_weight"": ""balanced""}","{""ngram_range"": [1, 1], ""min_df"": 2, ""max_features"": null}"
LinearSVC,"LSVC_p2_ng(1, 2)_mindf2_maxfNone",2,0.8161,0.0710,0.8181,0.8195,0.98,30905,"{""C"": 0.3, ""class_weight"": ""balanced""}","{""ngram_range"": [1, 2], ""min_df"": 2, ""max_features"": null}"
LinearSVC,"LSVC_p2_ng(1, 2)_mindf3_maxfNone",2,0.8156,0.0695,0.8177,0.8188,0.86,17006,"{""C"": 0.3, ""class_weight"": ""balanced""}","{""ngram_range"": [1, 2], ""min_df"": 3, ""max_features"": null}"
LinearSVC,"LSVC_p2_ng(1, 2)_mindf5_maxfNone",2,0.8219,0.0667,0.8238,0.8245,0.93,8950,"{""C"": 0.3, ""class_weight"": ""balanced""}","{""ngram_range"": [1, 2], ""min_df"": 5, ""max_features"": null}"
LinearSVC,"LSVC_p2_ng(1, 2)_mindf2_maxf40000",2,0.8157,0.0704,0.8178,0.8192,1.22,28289,"{""C"": 0.3, ""class_weight"": ""balanced""}","{""ngram_range"": [1, 2], ""min_df"": 2, ""max_features"": 40000}"
LinearSVC,"LSVC_p2_ng(1, 2)_mindf2_maxf80000",2,0.8161,0.0710,0.8181,0.8195,1.07,30905,"{""C"": 0.3, ""class_weight"": ""balanced""}","{""ngram_range"": [1, 2], ""min_df"": 2, ""max_features"": 80000}"
LinearSVC,"LSVC_p2_ng(1, 3)_mindf2_maxfNone",2,0.8128,0.0750,0.8146,0.8162,1.19,47031,"{""C"": 0.3, ""class_weight"": ""balanced""}","{""ngram_range"": [1, 3], ""min_df"": 2, ""max_features"": null}"
LinearSVC,"LSVC_p2_ng(1, 3)_mindf3_maxf80000",2,0.8144,0.0702,0.8163,0.8175,1.71,23485,"{""C"": 0.3, ""class_weight"": ""balanced""}","{""ngram_range"": [1, 3], ""min_df"": 3, ""max_features"": 80000}"
